<?xml version="1.0" encoding="UTF-8"?>
<!DOCTYPE hibernate-configuration PUBLIC "-//Hibernate/Hibernate Configuration DTD 3.0//EN" "http://hibernate.sourceforge.net/hibernate-configuration-3.0.dtd">
<hibernate-configuration>
  <session-factory>
    <property name="hibernate.dialect">org.hibernate.dialect.SQLServerDialect</property>
    <property name="hibernate.connection.driver_class">com.microsoft.sqlserver.jdbc.SQLServerDriver</property>
    <property name="hibernate.connection.url">jdbc:sqlserver://192.168.12.108:1433;databaseName=tenshivp;integratedSecurity=true;</property>
    <property name="hibernate.connection.username">tenshivp</property>
    <property name="hibernate.connection.password">tenshivp</property>
    <property name="hibernate.connection.pool_size">10</property>
    <property name="show_sql">true</property>
    <property name="format_sql">true</property>
    <property name="hibernate.hbm2ddl.auto">update</property>
    <!--    <mapping  class="beans.POStatusBean"></mapping>
    <mapping  class="beans.PODetailsBean"></mapping>-->
    <mapping resource="resources/POStatus.hbm.xml"/>
    <mapping resource="resources/PODetails.hbm.xml"/>
  </session-factory>
</hibernate-configuration>
