<?xml version="1.0" encoding="UTF-8"?>

<!DOCTYPE hibernate-mapping PUBLIC
"-//Hibernate/Hibernate Mapping DTD 3.0//EN"
"http://hibernate.sourceforge.net/hibernate-mapping-3.0.dtd">
  

<hibernate-mapping>
        <class name="beans.PODetailsBean" table="VPPODetails" schema="dbo">
      <id name="POID" column="POID">
<generator class="identity"></generator>
    </id>
        <property name="VendorCode" />
        <property name="Company_Code" />
        <property name="VendorName" />
        <property name="PO_Number" />
        <property name="PO_Creator_Name" />
        <property name="PO_CReator_EmailId" />
        <property name="PO_Currency" /> 
        <property name="Exchange_Rate" />       
    </class>
  
</hibernate-mapping>


