<?xml version="1.0" encoding="UTF-8"?>

<!DOCTYPE hibernate-mapping PUBLIC
"-//Hibernate/Hibernate Mapping DTD 3.0//EN"
"http://hibernate.sourceforge.net/hibernate-mapping-3.0.dtd">
  
<hibernate-mapping>   
    <class name="beans.POStatusBean" table="VPPOStatus" schema="dbo">
 <id name="POID"  column="POID">
<generator class="identity"></generator>
    </id>
        
        
        <property name="VendorCode" />
        <property name="VendorName" />
        <property name="PO_CreatedDate" />
        <property name="PO_Number" />
        <property name="PO_Amount" />
        <property name="PO_Currency" />
        <property name="Advance_Paid" />  
        <property name="PO_Status" />
        <property name="WHT_Codes" />    
        <property name="WHT_Types" />       
    </class>
  
</hibernate-mapping>
