<VendorPortal>
	<Document>
		<Path>D:</Path>
		<DocumentType>Invoice Document,Supported Document</DocumentType>
		<DocumentSize>1</DocumentSize>
	</Document>
	<InvoiceDetails>
		<InvoiceNumberPrefix>INV</InvoiceNumberPrefix>
		<InvoiceNumberLength>14</InvoiceNumberLength>
		<InvoiceStatusTypes>InProcess</InvoiceStatusTypes>
		<SubmitInvoiceStatus>InProcess</SubmitInvoiceStatus>
		<BillingCurrency>INR,USD</BillingCurrency>
		<POType>PO, Non PO</POType>
	</InvoiceDetails>
	<QueryDetails>
		<QueryNumberPrefix>QRY</QueryNumberPrefix>
		<QueryNumberLength>14</QueryNumberLength>
		<QueryStatusTypes>All,Open,Reopened,Responded,ToBeClosed,Closed
		</QueryStatusTypes>
	</QueryDetails>
	<HistoryType>
		<Administration>N</Administration>
		<VendorSearch>Y</VendorSearch>
		<VendorInvoice>Y</VendorInvoice>
		<VendorQuery>Y</VendorQuery>
	</HistoryType>
	<BatchSize>
		<InvoiceSearch>5</InvoiceSearch>
		<QuerySearch>5</QuerySearch>
		<MyPO>5</MyPO>
		<MyInvoice>10</MyInvoice>
		<MyQuery>10</MyQuery>
		<UserList>5</UserList>
		<VendorList>5</VendorList>
		<CompanyList>5</CompanyList>
		<History>10</History>
	</BatchSize>
	<BarCode>
		<FontSize>22</FontSize>
		<Symbology>0</Symbology>
		<Dpi>300</Dpi>
		<BarcodeFontFamily>3Of9Barcode.ttf</BarcodeFontFamily>
		<GeneratedFileName></GeneratedFileName>
		<FileExt>bmp</FileExt>
		<LibraryPath></LibraryPath>
	</BarCode>
	<!-- <Main> <WelcomeNote>Vendor Portal</WelcomeNote> <DateFormat>dd/MM/yyyy</DateFormat> 
		<CalendarDateFormat>dd/MM/yyyy</CalendarDateFormat> <XMLDateFormat>yyyy-MM-dd 
		HH:mm:ss.S</XMLDateFormat> <EnableDebugLog>Y</EnableDebugLog> <EnableErrorLog>Y</EnableErrorLog> 
		<LoginWaitTime>60000</LoginWaitTime> <DBConfig>SQL Server</DBConfig> <AdminEmailId></AdminEmailId> 
		<EmailUserId>pool-id.qas-vendorportal.mbrdi@daimler.com</EmailUserId> <EmailPassword>rachana@123!</EmailPassword> 
		<EmailServer>53.151.100.102</EmailServer> <EmailAuthentication>false</EmailAuthentication> 
		<JBossPort>9081</JBossPort>VendorPortal WAS Port Specified here <Port>25</Port> 
		<Protocol>http</Protocol> </Main> -->
	<Main>
		<WelcomeNote>Vendor Portal</WelcomeNote>
		<DateFormat>dd/MM/yyyy</DateFormat>
		<CalendarDateFormat>dd/MM/yyyy</CalendarDateFormat>
		<XMLDateFormat>yyyy-MM-dd HH:mm:ss.S</XMLDateFormat>
		<EnableDebugLog>Y</EnableDebugLog>
		<EnableErrorLog>Y</EnableErrorLog>
		<LoginWaitTime>60000</LoginWaitTime>
		<DBConfig>SQL Server</DBConfig>
		<AdminEmailId></AdminEmailId>
		<!-- Mail Configuration -->
		<EmailUserId>bpm.ap@britindia.com</EmailUserId>
		<EmailPassword>BRIT2016</EmailPassword>
		<EmailServer>192.168.12.95</EmailServer>
		<!-- <EmailActualIP>172.15.44.70</EmailActualIP> -->
		<!-- <EmailActualIP>eportal.britindia.com</EmailActualIP> -->	<!-- Trail Portal Live System -->
		<EmailActualIP>172.16.8.80</EmailActualIP>		 	<!-- Trail Portal UAT System -->
		<!-- <EmailActualIP>172.15.44.70</EmailActualIP> -->		<!-- Trail Portal Local System -->

		<!-- Form19 Portal Configuration -->
		<Form19EmailUserId>pfsettlement@britindia.com</Form19EmailUserId>
		<Form19EmailPassword>BRIT2016</Form19EmailPassword>
		<Form19EmailServer>192.168.12.95</Form19EmailServer>
		<Form19EmailActualIP>eportal.britindia.com</Form19EmailActualIP>	<!-- Form-19 Live System -->
		<!-- <Form19EmailActualIP>172.16.8.80</Form19EmailActualIP> -->		<!-- Form-19 UAT System -->
		<!-- <Form19EmailActualIP>172.15.44.70</Form19EmailActualIP> -->		<!-- Form-19 Local System -->
		<EmailAuthentication>false</EmailAuthentication>
		<JBossPort>8080</JBossPort><!-- VendorPortal WAS Port Specified here -->
		<Port>25</Port>
		<Protocol>http</Protocol>
	</Main>
	<LeftMenuPanel>
		<AddNewUser>Y</AddNewUser>
		<UserListMenu>Y</UserListMenu>
		<VendorListMenu>Y</VendorListMenu>
		<CompanyListMenu>Y</CompanyListMenu>
		<ChangeUserPassword>Y</ChangeUserPassword>
		<SubmitInvoice>Y</SubmitInvoice>
		<!-- SubmitQuery>Y</SubmitQuery> -->
		<SubmitQuery>N</SubmitQuery>
		<SearchInvoiceQuery>N</SearchInvoiceQuery>
		<MyInvoices>Y</MyInvoices>
		<MyQuerys>N</MyQuerys>
	</LeftMenuPanel>
	<TopMenuPanel>
		<Home>Y</Home>
		<ChangePassword>Y</ChangePassword>
		<Settings>Y</Settings>
		<HistoryMenu>Y</HistoryMenu>
		<LogOut>Y</LogOut>
	</TopMenuPanel>
</VendorPortal>