<?xml version="1.0" encoding="UTF-8"?>
<wsdl:definitions xmlns:wsdl="http://schemas.xmlsoap.org/wsdl/" xmlns:ns="http://scorecardrule.V.CollScoreCard1/" xmlns:tns="http://V.CollScoreCard1" xmlns:xs="http://www.w3.org/2001/XMLSchema" xmlns:ax218="http://scorecardrule.V.CollScoreCard1/xsd" xmlns:ns1="http://org.apache.axis2/xsd" xmlns:ax217="http://V.CollScoreCard1/xsd" xmlns:soap="http://schemas.xmlsoap.org/wsdl/soap/" xmlns:soap12="http://schemas.xmlsoap.org/wsdl/soap12/" xmlns:http="http://schemas.xmlsoap.org/wsdl/http/" xmlns:mime="http://schemas.xmlsoap.org/wsdl/mime/" xmlns:wsaw="http://www.w3.org/2006/05/addressing/wsdl" targetNamespace="http://V.CollScoreCard1">
    <wsdl:types>
        <xs:schema xmlns:ax219="http://scorecardrule.V.CollScoreCard1/xsd" attributeFormDefault="qualified" elementFormDefault="unqualified" targetNamespace="http://V.CollScoreCard1/xsd">
            <xs:import namespace="http://scorecardrule.V.CollScoreCard1/xsd"/>
            <xs:import namespace="http://scorecardrule.V.CollScoreCard1/xsd"/>
            <xs:complexType name="CollScoreCard1_V_Req">
                <xs:sequence>
                    <xs:element minOccurs="0" name="cabinetName" nillable="true" type="xs:string"/>
                    <xs:element minOccurs="0" name="inobj" nillable="true" type="ax218:in"/>
                    <xs:element minOccurs="0" name="loginReqd" nillable="true" type="xs:boolean"/>
                    <xs:element minOccurs="0" name="password" nillable="true" type="xs:string"/>
                    <xs:element minOccurs="0" name="userName" nillable="true" type="xs:string"/>
                </xs:sequence>
            </xs:complexType>
            <xs:complexType name="CollScoreCard1_V_Resp">
                <xs:sequence>
                    <xs:element minOccurs="0" name="executedRules" nillable="true" type="xs:string"/>
                    <xs:element minOccurs="0" name="outobj" nillable="true" type="ax218:out"/>
                </xs:sequence>
            </xs:complexType>
        </xs:schema>
        <xs:schema attributeFormDefault="qualified" elementFormDefault="unqualified" targetNamespace="http://scorecardrule.V.CollScoreCard1/xsd">
            <xs:complexType name="in">
                <xs:sequence>
                    <xs:element minOccurs="0" name="brokenptp_count" type="xs:int"/>
                    <xs:element minOccurs="0" name="chequebounce_count" type="xs:int"/>
                    <xs:element minOccurs="0" name="complaintagainstcustomer_" type="xs:int"/>
                    <xs:element minOccurs="0" name="customernoresponse_count" type="xs:int"/>
                    <xs:element minOccurs="0" name="doorclosed_count" type="xs:int"/>
                    <xs:element minOccurs="0" name="initiaterepossessionproce" type="xs:int"/>
                    <xs:element minOccurs="0" name="legalactioninitiation_cou" type="xs:int"/>
                    <xs:element minOccurs="0" name="meetingrequest_count" type="xs:int"/>
                    <xs:element minOccurs="0" name="promisetopay_count" type="xs:int"/>
                    <xs:element minOccurs="0" name="refusetopay_count" type="xs:int"/>
                </xs:sequence>
            </xs:complexType>
            <xs:complexType name="out">
                <xs:sequence>
                    <xs:element minOccurs="0" name="brokenpromise" type="xs:int"/>
                    <xs:element minOccurs="0" name="chequebounce" type="xs:int"/>
                    <xs:element minOccurs="0" name="complaintagainstcustome" type="xs:int"/>
                    <xs:element minOccurs="0" name="customernoresponse" type="xs:int"/>
                    <xs:element minOccurs="0" name="doorclosed" type="xs:int"/>
                    <xs:element minOccurs="0" name="initiaterepossessionpro" type="xs:int"/>
                    <xs:element minOccurs="0" name="legalactioninitiation" type="xs:int"/>
                    <xs:element minOccurs="0" name="meetingrequest" type="xs:int"/>
                    <xs:element minOccurs="0" name="promisetopay" type="xs:int"/>
                    <xs:element minOccurs="0" name="refusetopay" type="xs:int"/>
                </xs:sequence>
            </xs:complexType>
        </xs:schema>
        <xs:schema xmlns:ax220="http://V.CollScoreCard1/xsd" attributeFormDefault="qualified" elementFormDefault="unqualified" targetNamespace="http://scorecardrule.V.CollScoreCard1/">
            <xs:import namespace="http://V.CollScoreCard1/xsd"/>
            <xs:element name="executeRuleset">
                <xs:complexType>
                    <xs:sequence>
                        <xs:element minOccurs="0" name="args0" nillable="true" type="ax220:CollScoreCard1_V_Req"/>
                    </xs:sequence>
                </xs:complexType>
            </xs:element>
            <xs:element name="executeRulesetResponse">
                <xs:complexType>
                    <xs:sequence>
                        <xs:element minOccurs="0" name="return" nillable="true" type="ax220:CollScoreCard1_V_Resp"/>
                    </xs:sequence>
                </xs:complexType>
            </xs:element>
        </xs:schema>
    </wsdl:types>
    <wsdl:message name="executeRulesetRequest">
        <wsdl:part name="parameters" element="ns:executeRuleset"/>
    </wsdl:message>
    <wsdl:message name="executeRulesetResponse">
        <wsdl:part name="parameters" element="ns:executeRulesetResponse"/>
    </wsdl:message>
    <wsdl:portType name="CollScoreCard1_V_WebServicePortType">
        <wsdl:operation name="executeRuleset">
            <wsdl:input message="tns:executeRulesetRequest" wsaw:Action="urn:executeRuleset"/>
            <wsdl:output message="tns:executeRulesetResponse" wsaw:Action="urn:executeRulesetResponse"/>
        </wsdl:operation>
    </wsdl:portType>
    <wsdl:binding name="CollScoreCard1_V_WebServiceSoap11Binding" type="tns:CollScoreCard1_V_WebServicePortType">
        <soap:binding transport="http://schemas.xmlsoap.org/soap/http" style="document"/>
        <wsdl:operation name="executeRuleset">
            <soap:operation soapAction="urn:executeRuleset" style="document"/>
            <wsdl:input>
                <soap:body use="literal"/>
            </wsdl:input>
            <wsdl:output>
                <soap:body use="literal"/>
            </wsdl:output>
        </wsdl:operation>
    </wsdl:binding>
    <wsdl:binding name="CollScoreCard1_V_WebServiceSoap12Binding" type="tns:CollScoreCard1_V_WebServicePortType">
        <soap12:binding transport="http://schemas.xmlsoap.org/soap/http" style="document"/>
        <wsdl:operation name="executeRuleset">
            <soap12:operation soapAction="urn:executeRuleset" style="document"/>
            <wsdl:input>
                <soap12:body use="literal"/>
            </wsdl:input>
            <wsdl:output>
                <soap12:body use="literal"/>
            </wsdl:output>
        </wsdl:operation>
    </wsdl:binding>
    <wsdl:binding name="CollScoreCard1_V_WebServiceHttpBinding" type="tns:CollScoreCard1_V_WebServicePortType">
        <http:binding verb="POST"/>
        <wsdl:operation name="executeRuleset">
            <http:operation location="executeRuleset"/>
            <wsdl:input>
                <mime:content type="application/xml" part="parameters"/>
            </wsdl:input>
            <wsdl:output>
                <mime:content type="application/xml" part="parameters"/>
            </wsdl:output>
        </wsdl:operation>
    </wsdl:binding>
    <wsdl:service name="CollScoreCard1_V_WebService">
        <wsdl:port name="CollScoreCard1_V_WebServiceHttpSoap11Endpoint" binding="tns:CollScoreCard1_V_WebServiceSoap11Binding">
            <soap:address location="http://13.71.1.77:8080/axis2/services/CollScoreCard1_V_WebService.CollScoreCard1_V_WebServiceHttpSoap11Endpoint/"/>
        </wsdl:port>
        <wsdl:port name="CollScoreCard1_V_WebServiceHttpSoap12Endpoint" binding="tns:CollScoreCard1_V_WebServiceSoap12Binding">
            <soap12:address location="http://13.71.1.77:8080/axis2/services/CollScoreCard1_V_WebService.CollScoreCard1_V_WebServiceHttpSoap12Endpoint/"/>
        </wsdl:port>
        <wsdl:port name="CollScoreCard1_V_WebServiceHttpEndpoint" binding="tns:CollScoreCard1_V_WebServiceHttpBinding">
            <http:address location="http://13.71.1.77:8080/axis2/services/CollScoreCard1_V_WebService.CollScoreCard1_V_WebServiceHttpEndpoint/"/>
        </wsdl:port>
    </wsdl:service>
</wsdl:definitions>
