<?xml version='1.0' encoding='UTF-8'?>
<soapenv:Envelope xmlns:soapenv="http://www.w3.org/2003/05/soap-envelope">
    <soapenv:Header/>
    <soapenv:Body>
        <ns:executeRulesetResponse xmlns:ns="http://scorecardrule.V.CollScoreCard1/">
            <return xmlns:ax217="http://V.CollScoreCard1/xsd" xmlns:ax218="http://scorecardrule.V.CollScoreCard1/xsd" xmlns:xsi="http://www.w3.org/2001/XMLSchema-instance" xsi:type="ax217:CollScoreCard1_V_Resp">
                <executedRules>[1_Rule, SubRuleCheque Bounce0, SubRuleCheque Bounce1, SubRuleCheque Bounce2, SubRuleCheque Bounce3, SubRuleBrokenPTP_count_0, SubRuleBrokenPTP_count_1, SubRuleBrokenPTP_count_2, SubRuleBrokenPTP_count_3, SubRulePromiseToPay_count_0, SubRulePromiseToPay_count_1, SubRulePromiseToPay_count_2, SubRulePromiseToPay_count_3, SubRuleDoorClosed_count_0, SubRuleDoorClosed_count_1, SubRuleDoorClosed_count_2, SubRuleDoorClosed_count_3, SubRuleComplaintAgainstCustomer_0, SubRuleComplaintAgainstCustomer_1, SubRuleComplaintAgainstCustomer_2, SubRuleComplaintAgainstCustomer_3, SubRuleCustomerNoResponse_count_0, SubRuleCustomerNoResponse_count_1, SubRuleCustomerNoResponse_count_2, SubRuleCustomerNoResponse_count_3, SubRuleLegalActionInitiation_cou_0, SubRuleLegalActionInitiation_cou_1, SubRuleLegalActionInitiation_cou_2, SubRuleMeetingRequest_count_0, SubRuleMeetingRequest_count_1, SubRuleMeetingRequest_count_2, SubRuleMeetingRequest_count_3, SubRuleRefuseToPay_count_0, SubRuleRefuseToPay_count_1, SubRuleRefuseToPay_count_2, SubRuleRefuseToPay_count_3, SubRuleInitiateRepossessionProce_0, SubRuleInitiateRepossessionProce_1, SubRuleInitiateRepossessionProce_2, SubRuleInitiateRepossessionProce_3, ScoreCardRule_Rule0]</executedRules>
                <outobj xsi:type="ax218:out">
                    <brokenpromise>5</brokenpromise>
                    <chequebounce>5</chequebounce>
                    <complaintagainstcustome>5</complaintagainstcustome>
                    <customernoresponse>5</customernoresponse>
                    <doorclosed>5</doorclosed>
                    <initiaterepossessionpro>5</initiaterepossessionpro>
                    <legalactioninitiation>7</legalactioninitiation>
                    <meetingrequest>5</meetingrequest>
                    <promisetopay>5</promisetopay>
                    <refusetopay>5</refusetopay>
                </outobj>
            </return>
        </ns:executeRulesetResponse>
    </soapenv:Body>
</soapenv:Envelope>