<?xml version="1.0" encoding="UTF-8"?><!DOCTYPE hibernate-mapping PUBLIC "-//Hibernate/Hibernate Mapping DTD 3.0//EN" "http://hibernate.sourceforge.net/hibernate-mapping-3.0.dtd">
<hibernate-mapping>
     <class name="com.newgen.brit.kycupload.beans.HelpDeskPortalFields" table="EXT_HELPDESK_PORTAL_DETAILS" schema="dbo" dynamic-update="true">
        <id name="PID" column="PID" >
            <!--<generator class="identity"></generator>-->
        </id>
        <property name="EmployeeNumber" />
        <property name="EmployeeName" />
        <property name="CorporateFunction" />
        <property name="HRFunction" />
        <property name="Gender" />
        <property name="EmailID" />
        <property name="WorkLocation" />
        <property name="TicketFunction"/>     
        <property name="TicketCategory"/>     
        <property name="TicketSubCategory"/>     
        <property name="TicketAssigningUser"/>     
        <property name="TicketSubject"/>     
        <property name="TicketPriority"/>     
        <property name="TicketContactNumber"/>     
        <property name="TicketMessage"/>     
        <property name="Department"/>     
        <property name="Region"/>     
        <property name="VendorCode"/>     
        <property name="VendorGL"/>     
        <property name="Designation"/>     
        <property name="Grade"/>     
        <property name="OriginalLocation"/>   
        <property name="Category"/>   
    </class>
</hibernate-mapping>
