<?xml version="1.0" encoding="UTF-8"?><!DOCTYPE hibernate-mapping PUBLIC "-//Hibernate/Hibernate Mapping DTD 3.0//EN" "http://hibernate.sourceforge.net/hibernate-mapping-3.0.dtd">
<hibernate-mapping>
     <class name="com.newgen.brit.kycupload.beans.KYCMaster" table="EXT_KYCDETAILS" schema="dbo" dynamic-update="true">
        <id name="EmployeeCode" column="EmployeeCode" >
            <!--<generator class="identity"></generator>-->
        </id>
        <property name="EmpUserId" />
        <property name="AadharNumber" />
        <property name="AadharAckNumber" />
        <property name="PANNumber" />
        <property name="PANAckNumber" />
        <property name="DrivingLicense" />
        <property name="VoterId"/>     
    </class>
</hibernate-mapping>
