<?xml version="1.0" encoding="UTF-8"?><!DOCTYPE hibernate-mapping PUBLIC "-//Hibernate/Hibernate Mapping DTD 3.0//EN" "http://www.hibernate.org/dtd/hibernate-mapping-3.0.dtd">
<hibernate-mapping>
     <class name="com.newgen.brit.kycupload.beans.LRFields" table="EXT_LR_PORTAL_DETAILS" schema="dbo" dynamic-update="true">
        <id name="PID" column="PID" >
            <!--<generator class="identity"></generator>-->
        </id>
        <property name="EmployeeNumber" />
        <property name="EmployeeName" />
        <property name="User_ID" />
        <property name="DateOfJoining" />
        <property name="EmailID" />
        <property name="POrg" />
        <property name="PA" />
        <property name="PSA" />
        <property name="ContactNumber"/>     
        <property name="EmpGrade"/>     
        <property name="EmpDesignation"/>     
        <property name="CorporateFunction"/>     
        <property name="HRFunction"/>     
        <property name="Region"/>     
        <property name="WorkLocation"/>     
        <property name="RepManager"/>     
        <property name="HRBPName"/>     
        <property name="ComplaintRaisedBy"/>     
        <property name="complaintraisedon"/>     
        <property name="complaintAbout"/>     
        <property name="ComplaintAboutOthers"/>     
        <property name="referenceComments"/>     
        <property name="detailsOfComplaint"/>   
        <property name="comments"/>   
        <property name="hiddenHRBP"/>   
        <property name="hiddenHRBPEmployeeCode"/>   
    </class>
</hibernate-mapping>
