<?xml version="1.0" encoding="UTF-8"?><!DOCTYPE hibernate-mapping PUBLIC "-//Hibernate/Hibernate Mapping DTD 3.0//EN" "http://hibernate.sourceforge.net/hibernate-mapping-3.0.dtd">
<hibernate-mapping>
     <class name="com.newgen.brit.kycupload.beans.UploadPhotoMaster" table="EXT_UPLOADPHOTODETAILS" schema="dbo" dynamic-update="true">
        <id name="EmployeeCode" column="EmployeeCode" >
            <!--<generator class="identity"></generator>-->
        </id>
        <property name="EmployeeName" />
        <property name="EmailID" />
        <property name="MobileNumber" />    
    </class>
</hibernate-mapping>
