<?xml version="1.0"?><ServerInfo>
<jndiServerName>127.0.0.1</jndiServerName><jndiServerPort>1099</jndiServerPort><DataSourceUrl></DataSourceUrl><IniPath>ngdbini</IniPath><ServerPort>3333</ServerPort><AdminPort>9999</AdminPort><SocketTimeout>30</SocketTimeout><ThresholdTime>5000</ThresholdTime><Batchsize>100</Batchsize><Debug><ConnectionLog>False</ConnectionLog><TransactionLog>True</TransactionLog><ThresholdLog>True</ThresholdLog><XMLLog>False</XMLLog><ErrorLogSize>10</ErrorLogSize></Debug><CharacterSet>UTF-8</CharacterSet><UnicodeSupport>False</UnicodeSupport><CabinetSpecificLogging>True</CabinetSpecificLogging><BinaryClassName>com.newgen.omni.jts.txn.OracleJBossLargeObject</BinaryClassName>
</ServerInfo>
<CabinetList>
<ExpiryTime></ExpiryTime>
</CabinetList>